{
    "name": "root",
    "gauges": {
        "MarioKartRL.Policy.Entropy.mean": {
            "value": 0.6609381437301636,
            "min": 0.6609381437301636,
            "max": 0.7384699583053589,
            "count": 20
        },
        "MarioKartRL.Policy.Entropy.sum": {
            "value": 33132.828125,
            "min": 33132.828125,
            "max": 36941.9609375,
            "count": 20
        },
        "MarioKartRL.Step.mean": {
            "value": 2649970.0,
            "min": 1699945.0,
            "max": 2649970.0,
            "count": 20
        },
        "MarioKartRL.Step.sum": {
            "value": 2649970.0,
            "min": 1699945.0,
            "max": 2649970.0,
            "count": 20
        },
        "MarioKartRL.Policy.ExtrinsicValueEstimate.mean": {
            "value": 2.527113676071167,
            "min": 2.369292974472046,
            "max": 2.5925304889678955,
            "count": 20
        },
        "MarioKartRL.Policy.ExtrinsicValueEstimate.sum": {
            "value": 2019.163818359375,
            "min": 1750.907470703125,
            "max": 2081.2685546875,
            "count": 20
        },
        "MarioKartRL.Environment.EpisodeLength.mean": {
            "value": 973.6078431372549,
            "min": 879.8837209302326,
            "max": 1045.2826086956522,
            "count": 20
        },
        "MarioKartRL.Environment.EpisodeLength.sum": {
            "value": 49654.0,
            "min": 37835.0,
            "max": 51621.0,
            "count": 20
        },
        "MarioKartRL.Environment.CumulativeReward.mean": {
            "value": 27.22470912571047,
            "min": 23.829072674346524,
            "max": 30.123472792153457,
            "count": 20
        },
        "MarioKartRL.Environment.CumulativeReward.sum": {
            "value": 1388.460165411234,
            "min": 1024.6501249969006,
            "max": 1477.400168389082,
            "count": 20
        },
        "MarioKartRL.Policy.ExtrinsicReward.mean": {
            "value": 27.22470912571047,
            "min": 23.829072674346524,
            "max": 30.123472792153457,
            "count": 20
        },
        "MarioKartRL.Policy.ExtrinsicReward.sum": {
            "value": 1388.460165411234,
            "min": 1024.6501249969006,
            "max": 1477.400168389082,
            "count": 20
        },
        "MarioKartRL.IsTraining.mean": {
            "value": 1.0,
            "min": 1.0,
            "max": 1.0,
            "count": 20
        },
        "MarioKartRL.IsTraining.sum": {
            "value": 1.0,
            "min": 1.0,
            "max": 1.0,
            "count": 20
        },
        "MarioKartRL.Losses.PolicyLoss.mean": {
            "value": 0.06901194345390346,
            "min": 0.0682589425445379,
            "max": 0.0702472578852515,
            "count": 9
        },
        "MarioKartRL.Losses.PolicyLoss.sum": {
            "value": 0.06901194345390346,
            "min": 0.0682589425445379,
            "max": 0.0702472578852515,
            "count": 9
        },
        "MarioKartRL.Losses.ValueLoss.mean": {
            "value": 0.30746298351635537,
            "min": 0.28477422210232667,
            "max": 0.32403202770898737,
            "count": 9
        },
        "MarioKartRL.Losses.ValueLoss.sum": {
            "value": 0.30746298351635537,
            "min": 0.28477422210232667,
            "max": 0.32403202770898737,
            "count": 9
        },
        "MarioKartRL.Policy.LearningRate.mean": {
            "value": 4.8487891512160005e-05,
            "min": 4.8487891512160005e-05,
            "max": 6.487981512022e-05,
            "count": 9
        },
        "MarioKartRL.Policy.LearningRate.sum": {
            "value": 4.8487891512160005e-05,
            "min": 4.8487891512160005e-05,
            "max": 6.487981512022e-05,
            "count": 9
        },
        "MarioKartRL.Policy.Epsilon.mean": {
            "value": 0.14848784,
            "min": 0.14848784,
            "max": 0.16487977999999998,
            "count": 9
        },
        "MarioKartRL.Policy.Epsilon.sum": {
            "value": 0.14848784,
            "min": 0.14848784,
            "max": 0.16487977999999998,
            "count": 9
        },
        "MarioKartRL.Policy.Beta.mean": {
            "value": 0.0024295432160000006,
            "min": 0.0024295432160000006,
            "max": 0.0032475010219999998,
            "count": 9
        },
        "MarioKartRL.Policy.Beta.sum": {
            "value": 0.0024295432160000006,
            "min": 0.0024295432160000006,
            "max": 0.0032475010219999998,
            "count": 9
        }
    },
    "metadata": {
        "timer_format_version": "0.1.0",
        "start_time_seconds": "1719052568",
        "python_version": "3.10.8 (tags/v3.10.8:aaaf517, Oct 11 2022, 16:50:30) [MSC v.1933 64 bit (AMD64)]",
        "command_line_arguments": "C:\\Users\\joseb\\UnityProjects\\MarioKartRL\\venv\\Scripts\\mlagents-learn Assets/Configs/config3.yaml",
        "mlagents_version": "1.0.0",
        "mlagents_envs_version": "1.0.0",
        "communication_protocol_version": "1.5.0",
        "pytorch_version": "2.3.1+cu121",
        "numpy_version": "1.21.5",
        "end_time_seconds": "1719054469"
    },
    "total": 1901.4931585000013,
    "count": 1,
    "self": 0.0072976999945240095,
    "children": {
        "run_training.setup": {
            "total": 0.1213222000078531,
            "count": 1,
            "self": 0.1213222000078531
        },
        "TrainerController.start_learning": {
            "total": 1901.364538599999,
            "count": 1,
            "self": 1.1006804018252296,
            "children": {
                "TrainerController._reset_env": {
                    "total": 26.257082800002536,
                    "count": 1,
                    "self": 26.257082800002536
                },
                "TrainerController.advance": {
                    "total": 1873.9282153981767,
                    "count": 68334,
                    "self": 0.9668276966258418,
                    "children": {
                        "env_step": {
                            "total": 1157.3322811026737,
                            "count": 68334,
                            "self": 359.87373380536155,
                            "children": {
                                "SubprocessEnvManager._take_step": {
                                    "total": 796.7862427970394,
                                    "count": 68334,
                                    "self": 3.517616598168388,
                                    "children": {
                                        "TorchPolicy.evaluate": {
                                            "total": 793.2686261988711,
                                            "count": 68334,
                                            "self": 793.2686261988711
                                        }
                                    }
                                },
                                "workers": {
                                    "total": 0.6723045002727304,
                                    "count": 68333,
                                    "self": 0.0,
                                    "children": {
                                        "worker_root": {
                                            "total": 1869.7070439008676,
                                            "count": 68333,
                                            "is_parallel": true,
                                            "self": 1581.9883024978044,
                                            "children": {
                                                "steps_from_proto": {
                                                    "total": 0.009403899995959364,
                                                    "count": 1,
                                                    "is_parallel": true,