{
    "name": "root",
    "gauges": {
        "MarioKartRL.Policy.Entropy.mean": {
            "value": 0.6692231893539429,
            "min": 0.6684719920158386,
            "max": 0.6826636791229248,
            "count": 45
        },
        "MarioKartRL.Policy.Entropy.sum": {
            "value": 67144.5,
            "min": 42913.87109375,
            "max": 75546.859375,
            "count": 45
        },
        "MarioKartRL.Environment.EpisodeLength.mean": {
            "value": 1844.4,
            "min": 1757.7543859649122,
            "max": 1857.0185185185185,
            "count": 45
        },
        "MarioKartRL.Environment.EpisodeLength.sum": {
            "value": 101442.0,
            "min": 54626.0,
            "max": 107258.0,
            "count": 45
        },
        "MarioKartRL.Step.mean": {
            "value": 25098777.0,
            "min": 20699563.0,
            "max": 25098777.0,
            "count": 45
        },
        "MarioKartRL.Step.sum": {
            "value": 25098777.0,
            "min": 20699563.0,
            "max": 25098777.0,
            "count": 45
        },
        "MarioKartRL.Policy.ExtrinsicValueEstimate.mean": {
            "value": 0.8645229339599609,
            "min": 0.8566604852676392,
            "max": 0.8664255738258362,
            "count": 45
        },
        "MarioKartRL.Policy.ExtrinsicValueEstimate.sum": {
            "value": 46.68423843383789,
            "min": 23.129833221435547,
            "max": 49.38625717163086,
            "count": 45
        },
        "MarioKartRL.Environment.CumulativeReward.mean": {
            "value": 16.673200766245525,
            "min": 15.945720982133297,
            "max": 16.74775070614285,
            "count": 45
        },
        "MarioKartRL.Environment.CumulativeReward.sum": {
            "value": 900.3528413772583,
            "min": 448.3600540161133,
            "max": 911.1249215602875,
            "count": 45
        },
        "MarioKartRL.Policy.ExtrinsicReward.mean": {
            "value": 16.673200766245525,
            "min": 15.945720982133297,
            "max": 16.74775070614285,
            "count": 45
        },
        "MarioKartRL.Policy.ExtrinsicReward.sum": {
            "value": 900.3528413772583,
            "min": 448.3600540161133,
            "max": 911.1249215602875,
            "count": 45
        },
        "MarioKartRL.IsTraining.mean": {
            "value": 1.0,
            "min": 1.0,
            "max": 1.0,
            "count": 45
        },
        "MarioKartRL.IsTraining.sum": {
            "value": 1.0,
            "min": 1.0,
            "max": 1.0,
            "count": 45
        },
        "MarioKartRL.Losses.PolicyLoss.mean": {
            "value": 0.04304698237611406,
            "min": 0.03368811473509348,
            "max": 0.04816398010340063,
            "count": 43
        },
        "MarioKartRL.Losses.PolicyLoss.sum": {
            "value": 0.04304698237611406,
            "min": 0.03368811473509348,
            "max": 0.04816398010340063,
            "count": 43
        },
        "MarioKartRL.Losses.ValueLoss.mean": {
            "value": 0.00033990992245795296,
            "min": 0.00012525259449763259,
            "max": 0.004671353467169061,
            "count": 43
        },
        "MarioKartRL.Losses.ValueLoss.sum": {
            "value": 0.00033990992245795296,
            "min": 0.00012525259449763259,
            "max": 0.004671353467169061,
            "count": 43
        },
        "MarioKartRL.Policy.LearningRate.mean": {
            "value": 8.178025310783333e-06,
            "min": 8.178025310783333e-06,
            "max": 1.540963584753334e-05,
            "count": 43
        },
        "MarioKartRL.Policy.LearningRate.sum": {
            "value": 8.178025310783333e-06,
            "min": 8.178025310783333e-06,
            "max": 1.540963584753334e-05,
            "count": 43
        },
        "MarioKartRL.Policy.Epsilon.mean": {
            "value": 0.11635588333333333,
            "min": 0.11635588333333333,
            "max": 0.13081913333333334,
            "count": 43
        },
        "MarioKartRL.Policy.Epsilon.sum": {
            "value": 0.11635588333333333,
            "min": 0.11635588333333333,
            "max": 0.13081913333333334,
            "count": 43
        },
        "MarioKartRL.Policy.Beta.mean": {
            "value": 0.0008261585783333332,
            "min": 0.0008261585783333332,
            "max": 0.001547874753333334,
            "count": 43
        },
        "MarioKartRL.Policy.Beta.sum": {
            "value": 0.0008261585783333332,
            "min": 0.0008261585783333332,
            "max": 0.001547874753333334,
            "count": 43
        }
    },
    "metadata": {
        "timer_format_version": "0.1.0",
        "start_time_seconds": "1721308784",
        "python_version": "3.10.8 (tags/v3.10.8:aaaf517, Oct 11 2022, 16:50:30) [MSC v.1933 64 bit (AMD64)]",
        "command_line_arguments": "C:\\Users\\joseb\\UnityProjects\\MarioKartRL\\venv\\Scripts\\mlagents-learn Assets/Configs/config5.3b.yaml",
        "mlagents_version": "1.0.0",
        "mlagents_envs_version": "1.0.0",
        "communication_protocol_version": "1.5.0",
        "pytorch_version": "2.3.1+cu121",
        "numpy_version": "1.23.0",
        "end_time_seconds": "1721312875"
    },
    "total": 4090.266075099993,
    "count": 1,
    "self": 0.005724100017687306,
    "children": {
        "run_training.setup": {
            "total": 0.05628629997954704,
            "count": 1,
            "self": 0.05628629997954704
        },
        "TrainerController.start_learning": {
            "total": 4090.204064699996,
            "count": 1,
            "self": 6.966243201051839,
            "children": {
                "TrainerController._reset_env": {
                    "total": 9.387696899997536,
                    "count": 1,
                    "self": 9.387696899997536
                },
                "TrainerController.advance": {
                    "total": 4073.791701198934,
                    "count": 255097,
                    "self": 2.874350602272898,
                    "children": {
                        "env_step": {
                            "total": 4070.917350596661,
                            "count": 255097,
                            "self": 2774.2060464050155,
                            "children": {
                                "SubprocessEnvManager._take_step": {
                                    "total": 1293.4137616014632,
                                    "count": 255097,
                                    "self": 16.268375601270236,
                                    "children": {
                                        "TorchPolicy.evaluate": {
                                            "total": 1277.145386000193,
                                            "count": 255097,
                                            "self": 1277.145386000193
                                        }
                                    }
                                },
                                "workers": {
                                    "total": 3.2975425901822746,
                                    "count": 255096,
                                    "self": 0.0,
                                    "children": {
                                        "worker_root": {
                                            "total": 4074.555989301967,
                                            "count": 255096,
                                            "is_parallel": true,
                                            "self": 1955.4724326044088,
                                            "children": {
                                                "steps_from_proto": {
                                                    "total": 0.0005746000097133219,
                                                    "count": 1,