{
    "name": "root",
    "gauges": {
        "MarioKartRL.Policy.Entropy.mean": {
            "value": 1.0463032722473145,
            "min": 1.0463032722473145,
            "max": 2.1324961185455322,
            "count": 9
        },
        "MarioKartRL.Policy.Entropy.sum": {
            "value": 52513.9609375,
            "min": 52513.9609375,
            "max": 107765.6953125,
            "count": 9
        },
        "MarioKartRL.Step.mean": {
            "value": 449938.0,
            "min": 49959.0,
            "max": 449938.0,
            "count": 9
        },
        "MarioKartRL.Step.sum": {
            "value": 449938.0,
            "min": 49959.0,
            "max": 449938.0,
            "count": 9
        },
        "MarioKartRL.Policy.ExtrinsicValueEstimate.mean": {
            "value": 9.213615417480469,
            "min": 0.074178047478199,
            "max": 9.213615417480469,
            "count": 9
        },
        "MarioKartRL.Policy.ExtrinsicValueEstimate.sum": {
            "value": 7361.6787109375,
            "min": 66.90859985351562,
            "max": 7361.6787109375,
            "count": 9
        },
        "MarioKartRL.Environment.EpisodeLength.mean": {
            "value": 1829.7777777777778,
            "min": 212.31739130434784,
            "max": 1906.3214285714287,
            "count": 9
        },
        "MarioKartRL.Environment.EpisodeLength.sum": {
            "value": 49404.0,
            "min": 38317.0,
            "max": 54426.0,
            "count": 9
        },
        "MarioKartRL.Environment.CumulativeReward.mean": {
            "value": 187.87260038433251,
            "min": 1.7033480491327202,
            "max": 187.87260038433251,
            "count": 9
        },
        "MarioKartRL.Environment.CumulativeReward.sum": {
            "value": 5072.560210376978,
            "min": 391.77005130052567,
            "max": 5107.850183695555,
            "count": 9
        },
        "MarioKartRL.Policy.ExtrinsicReward.mean": {
            "value": 187.87260038433251,
            "min": 1.7033480491327202,
            "max": 187.87260038433251,
            "count": 9
        },
        "MarioKartRL.Policy.ExtrinsicReward.sum": {
            "value": 5072.560210376978,
            "min": 391.77005130052567,
            "max": 5107.850183695555,
            "count": 9
        },
        "MarioKartRL.Losses.PolicyLoss.mean": {
            "value": 0.024238257336740694,
            "min": 0.021548402303208907,
            "max": 0.025780857350522032,
            "count": 9
        },
        "MarioKartRL.Losses.PolicyLoss.sum": {
            "value": 0.12119128668370346,
            "min": 0.09365682297696669,
            "max": 0.12808594712987542,
            "count": 9
        },
        "MarioKartRL.Losses.ValueLoss.mean": {
            "value": 0.31483977725108464,
            "min": 0.21646799681087334,
            "max": 0.8296530123551686,
            "count": 9
        },
        "MarioKartRL.Losses.ValueLoss.sum": {
            "value": 1.5741988862554233,
            "min": 0.8658719872434933,
            "max": 4.148265061775843,
            "count": 9
        },
        "MarioKartRL.Policy.LearningRate.mean": {
            "value": 4.703552432152001e-05,
            "min": 4.703552432152001e-05,
            "max": 0.00028460580513140003,
            "count": 9
        },
        "MarioKartRL.Policy.LearningRate.sum": {
            "value": 0.00023517762160760004,
            "min": 0.00023517762160760004,
            "max": 0.0012844494718502,
            "count": 9
        },
        "MarioKartRL.Policy.Epsilon.mean": {
            "value": 0.11567848,
            "min": 0.11567848,
            "max": 0.1948686,
            "count": 9
        },
        "MarioKartRL.Policy.Epsilon.sum": {
            "value": 0.5783924,
            "min": 0.49983639999999996,
            "max": 0.9281498,
            "count": 9
        },
        "MarioKartRL.Policy.Beta.mean": {
            "value": 0.0007923561520000001,
            "min": 0.0007923561520000001,
            "max": 0.00474394314,
            "count": 9
        },
        "MarioKartRL.Policy.Beta.sum": {
            "value": 0.00396178076,
            "min": 0.00396178076,
            "max": 0.021414675019999996,
            "count": 9
        },
        "MarioKartRL.IsTraining.mean": {
            "value": 1.0,
            "min": 1.0,
            "max": 1.0,
            "count": 9
        },
        "MarioKartRL.IsTraining.sum": {
            "value": 1.0,
            "min": 1.0,
            "max": 1.0,
            "count": 9
        }
    },
    "metadata": {
        "timer_format_version": "0.1.0",
        "start_time_seconds": "1718481889",
        "python_version": "3.10.8 (tags/v3.10.8:aaaf517, Oct 11 2022, 16:50:30) [MSC v.1933 64 bit (AMD64)]",
        "command_line_arguments": "C:\\Users\\joseb\\UnityProjects\\MarioKartRL\\venv\\Scripts\\mlagents-learn --run-id=Kart_v2 --initialize-from=Kart_v1 --results-dir=Assets/Brains",
        "mlagents_version": "1.0.0",
        "mlagents_envs_version": "1.0.0",
        "communication_protocol_version": "1.5.0",
        "pytorch_version": "2.3.1+cu121",
        "numpy_version": "1.21.5",
        "end_time_seconds": "1718482592"
    },
    "total": 702.3111779000028,
    "count": 1,
    "self": 0.002735400019446388,
    "children": {
        "run_training.setup": {
            "total": 0.041140599991194904,
            "count": 1,
            "self": 0.041140599991194904
        },
        "TrainerController.start_learning": {
            "total": 702.2673018999922,
            "count": 1,
            "self": 0.4231589982227888,
            "children": {
                "TrainerController._reset_env": {
                    "total": 9.907717800000682,
                    "count": 1,
                    "self": 9.907717800000682
                },
                "TrainerController.advance": {
                    "total": 691.6694193017611,
                    "count": 30717,
                    "self": 0.37552370157209225,
                    "children": {
                        "env_step": {
                            "total": 543.402712898067,
                            "count": 30717,
                            "self": 230.58276320132427,
                            "children": {
                                "SubprocessEnvManager._take_step": {
                                    "total": 312.5510503986152,
                                    "count": 30719,
                                    "self": 1.5483830998127814,
                                    "children": {
                                        "TorchPolicy.evaluate": {
                                            "total": 311.0026672988024,
                                            "count": 30719,
                                            "self": 311.0026672988024
                                        }
                                    }
                                },
                                "workers": {
                                    "total": 0.2688992981275078,
                                    "count": 30716,
                                    "self": 0.0,
                                    "children": {
                                        "worker_root": {
                                            "total": 645.6890917025739,
                                            "count": 30716,
                                            "is_parallel": true,
                                            "self": 490.3811958002334,
                                            "children": {
                                                "steps_from_proto": {
                                                    "total": 0.0017503000271972269,
                                                    "count": 3,
                                                    "is_parallel": true,