{
    "name": "root",
    "gauges": {
        "MarioKartRL.Policy.Entropy.mean": {
            "value": 0.41149014234542847,
            "min": 0.4080168306827545,
            "max": 0.4912499189376831,
            "count": 183
        },
        "MarioKartRL.Policy.Entropy.sum": {
            "value": 19029.361328125,
            "min": 15193.556640625,
            "max": 29261.30078125,
            "count": 183
        },
        "MarioKartRL.Environment.EpisodeLength.mean": {
            "value": 919.4909090909091,
            "min": 702.25,
            "max": 980.3529411764706,
            "count": 183
        },
        "MarioKartRL.Environment.EpisodeLength.sum": {
            "value": 50572.0,
            "min": 37801.0,
            "max": 60767.0,
            "count": 183
        },
        "MarioKartRL.Step.mean": {
            "value": 9149670.0,
            "min": 49917.0,
            "max": 9149670.0,
            "count": 183
        },
        "MarioKartRL.Step.sum": {
            "value": 9149670.0,
            "min": 49917.0,
            "max": 9149670.0,
            "count": 183
        },
        "MarioKartRL.Policy.ExtrinsicValueEstimate.mean": {
            "value": 0.7430605292320251,
            "min": 0.47113507986068726,
            "max": 0.8070330619812012,
            "count": 183
        },
        "MarioKartRL.Policy.ExtrinsicValueEstimate.sum": {
            "value": 56.472599029541016,
            "min": 36.30319595336914,
            "max": 74.2615966796875,
            "count": 183
        },
        "MarioKartRL.Environment.CumulativeReward.mean": {
            "value": 6.765891721955052,
            "min": -0.23107992574362687,
            "max": 7.042045738182816,
            "count": 183
        },
        "MarioKartRL.Environment.CumulativeReward.sum": {
            "value": 365.3581529855728,
            "min": -16.40667472779751,
            "max": 370.39099764823914,
            "count": 183
        },
        "MarioKartRL.Policy.ExtrinsicReward.mean": {
            "value": 6.765891721955052,
            "min": -0.23107992574362687,
            "max": 7.042045738182816,
            "count": 183
        },
        "MarioKartRL.Policy.ExtrinsicReward.sum": {
            "value": 365.3581529855728,
            "min": -16.40667472779751,
            "max": 370.39099764823914,
            "count": 183
        },
        "MarioKartRL.IsTraining.mean": {
            "value": 1.0,
            "min": 1.0,
            "max": 1.0,
            "count": 183
        },
        "MarioKartRL.IsTraining.sum": {
            "value": 1.0,
            "min": 1.0,
            "max": 1.0,
            "count": 183
        },
        "MarioKartRL.Losses.PolicyLoss.mean": {
            "value": 0.048928373278132604,
            "min": 0.0435783084887953,
            "max": 0.05236530273914906,
            "count": 88
        },
        "MarioKartRL.Losses.PolicyLoss.sum": {
            "value": 0.048928373278132604,
            "min": 0.0435783084887953,
            "max": 0.05236530273914906,
            "count": 88
        },
        "MarioKartRL.Losses.ValueLoss.mean": {
            "value": 0.004851749004658346,
            "min": 0.0034098408828263007,
            "max": 0.012523619200668901,
            "count": 88
        },
        "MarioKartRL.Losses.ValueLoss.sum": {
            "value": 0.004851749004658346,
            "min": 0.0034098408828263007,
            "max": 0.012523619200668901,
            "count": 88
        },
        "MarioKartRL.Policy.LearningRate.mean": {
            "value": 2.836671054445999e-05,
            "min": 2.836671054445999e-05,
            "max": 0.0002969200510266499,
            "count": 88
        },
        "MarioKartRL.Policy.LearningRate.sum": {
            "value": 2.836671054445999e-05,
            "min": 2.836671054445999e-05,
            "max": 0.0002969200510266499,
            "count": 88
        },
        "MarioKartRL.Policy.Epsilon.mean": {
            "value": 0.10945554000000002,
            "min": 0.10945554000000002,
            "max": 0.19897334999999997,
            "count": 88
        },
        "MarioKartRL.Policy.Epsilon.sum": {
            "value": 0.10945554000000002,
            "min": 0.10945554000000002,
            "max": 0.19897334999999997,
            "count": 88
        },
        "MarioKartRL.Policy.Beta.mean": {
            "value": 0.0004818314459999999,
            "min": 0.0004818314459999999,
            "max": 0.0049487701650000005,
            "count": 88
        },
        "MarioKartRL.Policy.Beta.sum": {
            "value": 0.0004818314459999999,
            "min": 0.0004818314459999999,
            "max": 0.0049487701650000005,
            "count": 88
        }
    },
    "metadata": {
        "timer_format_version": "0.1.0",
        "start_time_seconds": "1719143580",
        "python_version": "3.10.8 (tags/v3.10.8:aaaf517, Oct 11 2022, 16:50:30) [MSC v.1933 64 bit (AMD64)]",
        "command_line_arguments": "C:\\Users\\joseb\\UnityProjects\\MarioKartRL\\venv\\Scripts\\mlagents-learn Assets/Configs/config3.4.yaml",
        "mlagents_version": "1.0.0",
        "mlagents_envs_version": "1.0.0",
        "communication_protocol_version": "1.5.0",
        "pytorch_version": "2.3.1+cu121",
        "numpy_version": "1.21.5",
        "end_time_seconds": "1719150834"
    },
    "total": 7253.5607452999975,
    "count": 1,
    "self": 0.005732699995860457,
    "children": {
        "run_training.setup": {
            "total": 0.13054830000328366,
            "count": 1,
            "self": 0.13054830000328366
        },
        "TrainerController.start_learning": {
            "total": 7253.424464299998,
            "count": 1,
            "self": 10.018515101444791,
            "children": {
                "TrainerController._reset_env": {
                    "total": 16.185645100005786,
                    "count": 1,
                    "self": 16.185645100005786
                },
                "TrainerController.advance": {
                    "total": 7227.186960098552,
                    "count": 612351,
                    "self": 4.243664697103668,
                    "children": {
                        "env_step": {
                            "total": 7222.943295401448,
                            "count": 612351,
                            "self": 5834.690838699375,
                            "children": {
                                "SubprocessEnvManager._take_step": {
                                    "total": 1383.1904538960225,
                                    "count": 612351,
                                    "self": 23.818938392258133,
                                    "children": {
                                        "TorchPolicy.evaluate": {
                                            "total": 1359.3715155037644,
                                            "count": 612351,
                                            "self": 1359.3715155037644
                                        }
                                    }
                                },
                                "workers": {
                                    "total": 5.062002806051169,
                                    "count": 612350,
                                    "self": 0.0,
                                    "children": {
                                        "worker_root": {
                                            "total": 7222.671513905574,
                                            "count": 612350,
                                            "is_parallel": true,
                                            "self": 3577.123237008258,
                                            "children": {
                                                "steps_from_proto": {
                                                    "total": 0.010180400000535883,
                                                    "count": 1,