{
    "name": "root",
    "gauges": {
        "MarioKartRL.Policy.Entropy.mean": {
            "value": 0.3849373757839203,
            "min": 0.34826749563217163,
            "max": 0.3849373757839203,
            "count": 13
        },
        "MarioKartRL.Policy.Entropy.sum": {
            "value": 19231.470703125,
            "min": 15612.8857421875,
            "max": 19231.470703125,
            "count": 13
        },
        "MarioKartRL.Step.mean": {
            "value": 5149942.0,
            "min": 4549948.0,
            "max": 5149942.0,
            "count": 13
        },
        "MarioKartRL.Step.sum": {
            "value": 5149942.0,
            "min": 4549948.0,
            "max": 5149942.0,
            "count": 13
        },
        "MarioKartRL.Policy.ExtrinsicValueEstimate.mean": {
            "value": 2.114605188369751,
            "min": 2.114605188369751,
            "max": 3.952821731567383,
            "count": 13
        },
        "MarioKartRL.Policy.ExtrinsicValueEstimate.sum": {
            "value": 1710.715576171875,
            "min": 1710.715576171875,
            "max": 3176.0888671875,
            "count": 13
        },
        "MarioKartRL.Environment.EpisodeLength.mean": {
            "value": 1047.8541666666667,
            "min": 982.2,
            "max": 1051.8979591836735,
            "count": 13
        },
        "MarioKartRL.Environment.EpisodeLength.sum": {
            "value": 50297.0,
            "min": 39288.0,
            "max": 52741.0,
            "count": 13
        },
        "MarioKartRL.Environment.CumulativeReward.mean": {
            "value": 8.622718011960387,
            "min": 8.515205040281893,
            "max": 8.775752372173375,
            "count": 13
        },
        "MarioKartRL.Environment.CumulativeReward.sum": {
            "value": 413.8904645740986,
            "min": 347.43697299063206,
            "max": 437.89949575066566,
            "count": 13
        },
        "MarioKartRL.Policy.ExtrinsicReward.mean": {
            "value": 8.622718011960387,
            "min": 8.515205040281893,
            "max": 8.775752372173375,
            "count": 13
        },
        "MarioKartRL.Policy.ExtrinsicReward.sum": {
            "value": 413.8904645740986,
            "min": 347.43697299063206,
            "max": 437.89949575066566,
            "count": 13
        },
        "MarioKartRL.IsTraining.mean": {
            "value": 1.0,
            "min": 1.0,
            "max": 1.0,
            "count": 13
        },
        "MarioKartRL.IsTraining.sum": {
            "value": 1.0,
            "min": 1.0,
            "max": 1.0,
            "count": 13
        },
        "MarioKartRL.Losses.PolicyLoss.mean": {
            "value": 0.06925716299961399,
            "min": 0.06925716299961399,
            "max": 0.07082513165039321,
            "count": 6
        },
        "MarioKartRL.Losses.PolicyLoss.sum": {
            "value": 0.06925716299961399,
            "min": 0.06925716299961399,
            "max": 0.07082513165039321,
            "count": 6
        },
        "MarioKartRL.Losses.ValueLoss.mean": {
            "value": 0.01661126584202672,
            "min": 0.01661126584202672,
            "max": 0.13522571342531592,
            "count": 6
        },
        "MarioKartRL.Losses.ValueLoss.sum": {
            "value": 0.01661126584202672,
            "min": 0.01661126584202672,
            "max": 0.13522571342531592,
            "count": 6
        },
        "MarioKartRL.Policy.LearningRate.mean": {
            "value": 9.757217121394e-05,
            "min": 9.757217121394e-05,
            "max": 0.00010781618609192999,
            "count": 6
        },
        "MarioKartRL.Policy.LearningRate.sum": {
            "value": 9.757217121394e-05,
            "min": 9.757217121394e-05,
            "max": 0.00010781618609192999,
            "count": 6
        },
        "MarioKartRL.Policy.Epsilon.mean": {
            "value": 0.14878605999999994,
            "min": 0.14878605999999994,
            "max": 0.15390806999999998,
            "count": 6
        },
        "MarioKartRL.Policy.Epsilon.sum": {
            "value": 0.14878605999999994,
            "min": 0.14878605999999994,
            "max": 0.15390806999999998,
            "count": 6
        },
        "MarioKartRL.Policy.Beta.mean": {
            "value": 0.0024444243940000003,
            "min": 0.0024444243940000003,
            "max": 0.0027000126929999997,
            "count": 6
        },
        "MarioKartRL.Policy.Beta.sum": {
            "value": 0.0024444243940000003,
            "min": 0.0024444243940000003,
            "max": 0.0027000126929999997,
            "count": 6
        }
    },
    "metadata": {
        "timer_format_version": "0.1.0",
        "start_time_seconds": "1719088357",
        "python_version": "3.10.8 (tags/v3.10.8:aaaf517, Oct 11 2022, 16:50:30) [MSC v.1933 64 bit (AMD64)]",
        "command_line_arguments": "C:\\Users\\joseb\\UnityProjects\\MarioKartRL\\venv\\Scripts\\mlagents-learn Assets/Configs/config3.1.yaml",
        "mlagents_version": "1.0.0",
        "mlagents_envs_version": "1.0.0",
        "communication_protocol_version": "1.5.0",
        "pytorch_version": "2.3.1+cu121",
        "numpy_version": "1.21.5",
        "end_time_seconds": "1719090555"
    },
    "total": 2197.577513100001,
    "count": 1,
    "self": 0.2222490000021935,
    "children": {
        "run_training.setup": {
            "total": 0.11811820000002626,
            "count": 1,
            "self": 0.11811820000002626
        },
        "TrainerController.start_learning": {
            "total": 2197.2371458999987,
            "count": 1,
            "self": 1.0024078001006274,
            "children": {
                "TrainerController._reset_env": {
                    "total": 5.1120207999993,
                    "count": 1,
                    "self": 5.1120207999993
                },
                "TrainerController.advance": {
                    "total": 2191.065865599896,
                    "count": 65634,
                    "self": 0.923808400377311,
                    "children": {
                        "env_step": {
                            "total": 1303.3432709000372,
                            "count": 65634,
                            "self": 343.6128029996835,
                            "children": {
                                "SubprocessEnvManager._take_step": {
                                    "total": 959.0681328999708,
                                    "count": 65634,
                                    "self": 3.389166699773341,
                                    "children": {
                                        "TorchPolicy.evaluate": {
                                            "total": 955.6789662001975,
                                            "count": 65634,
                                            "self": 955.6789662001975
                                        }
                                    }
                                },
                                "workers": {
                                    "total": 0.6623350003828818,
                                    "count": 65633,
                                    "self": 0.0,
                                    "children": {
                                        "worker_root": {
                                            "total": 2189.600371200191,
                                            "count": 65633,
                                            "is_parallel": true,
                                            "self": 1913.5236346003621,
                                            "children": {
                                                "steps_from_proto": {
                                                    "total": 0.0003902000025846064,
                                                    "count": 1,