{"count":1,"self":35.6012224,"total":36.090689399999995,"children":{"InitializeActuators":{"count":1,"self":0.0010054999999999999,"total":0.0010054999999999999,"children":null},"InitializeSensors":{"count":1,"self":0.0010946999999999999,"total":0.0010946999999999999,"children":null},"AgentSendState":{"count":1565,"self":0.30277339999999997,"total":0.43980949999999996,"children":{"CollectObservations":{"count":1565,"self":0.0696535,"total":0.0696535,"children":null},"WriteActionMask":{"count":1565,"self":0.0100935,"total":0.0100935,"children":null},"RequestDecision":{"count":1565,"self":0.0365607,"total":0.057289099999999996,"children":{"RayPerceptionSensor.Perceive":{"count":4695,"self":0.020728399999999998,"total":0.020728399999999998,"children":null}}}}},"DecideAction":{"count":1565,"self":0.0362404,"total":0.0362404,"children":null},"AgentAct":{"count":1565,"self":0.011316699999999999,"total":0.011316699999999999,"children":null},"RayPerceptionSensor.Perceive":{"count":3,"self":0,"total":0,"children":null}},"gauges":{"MarioKartRL.CumulativeReward":{"count":1,"max":2.934308,"min":2.934308,"runningAverage":2.934308,"value":2.934308,"weightedAverage":2.934308}},"metadata":{"timer_format_version":"0.1.0","start_time_seconds":"1721148638","unity_version":"2022.3.9f1","command_line_arguments":"C:\\Program Files\\Unity\\Hub\\Editor\\2022.3.9f1\\Editor\\Unity.exe -projectpath C:\\Users\\joseb\\UnityProjects\\MarioKartRL -useHub -hubIPC -cloudEnvironment production","communication_protocol_version":"1.5.0","com.unity.ml-agents_version":"3.0.0-exp.1","scene_name":"3","end_time_seconds":"1721148674"}}