{
    "name": "root",
    "gauges": {
        "MarioKartRL.Policy.Entropy.mean": {
            "value": 0.7233258485794067,
            "min": 0.7233258485794067,
            "max": 0.747526228427887,
            "count": 3
        },
        "MarioKartRL.Policy.Entropy.sum": {
            "value": 35427.0546875,
            "min": 35427.0546875,
            "max": 41093.12109375,
            "count": 3
        },
        "MarioKartRL.Environment.EpisodeLength.mean": {
            "value": 1715.0857142857142,
            "min": 1252.9655172413793,
            "max": 1715.0857142857142,
            "count": 3
        },
        "MarioKartRL.Environment.EpisodeLength.sum": {
            "value": 60028.0,
            "min": 34998.0,
            "max": 60028.0,
            "count": 3
        },
        "MarioKartRL.Step.mean": {
            "value": 149577.0,
            "min": 49365.0,
            "max": 149577.0,
            "count": 3
        },
        "MarioKartRL.Step.sum": {
            "value": 149577.0,
            "min": 49365.0,
            "max": 149577.0,
            "count": 3
        },
        "MarioKartRL.Policy.ExtrinsicValueEstimate.mean": {
            "value": 0.8397653698921204,
            "min": 0.8249956369400024,
            "max": 0.8406770825386047,
            "count": 3
        },
        "MarioKartRL.Policy.ExtrinsicValueEstimate.sum": {
            "value": 47.026859283447266,
            "min": 47.026859283447266,
            "max": 49.49973678588867,
            "count": 3
        },
        "MarioKartRL.Environment.CumulativeReward.mean": {
            "value": 18.900732117540695,
            "min": 11.101058557115753,
            "max": 18.900732117540695,
            "count": 3
        },
        "MarioKartRL.Environment.CumulativeReward.sum": {
            "value": 642.6248919963837,
            "min": 321.9306981563568,
            "max": 642.6248919963837,
            "count": 3
        },
        "MarioKartRL.Policy.ExtrinsicReward.mean": {
            "value": 18.900732117540695,
            "min": 11.101058557115753,
            "max": 18.900732117540695,
            "count": 3
        },
        "MarioKartRL.Policy.ExtrinsicReward.sum": {
            "value": 642.6248919963837,
            "min": 321.9306981563568,
            "max": 642.6248919963837,
            "count": 3
        },
        "MarioKartRL.IsTraining.mean": {
            "value": 1.0,
            "min": 1.0,
            "max": 1.0,
            "count": 3
        },
        "MarioKartRL.IsTraining.sum": {
            "value": 1.0,
            "min": 1.0,
            "max": 1.0,
            "count": 3
        },
        "MarioKartRL.Losses.PolicyLoss.mean": {
            "value": 0.045470685200286166,
            "min": 0.045470685200286166,
            "max": 0.045470685200286166,
            "count": 1
        },
        "MarioKartRL.Losses.PolicyLoss.sum": {
            "value": 0.045470685200286166,
            "min": 0.045470685200286166,
            "max": 0.045470685200286166,
            "count": 1
        },
        "MarioKartRL.Losses.ValueLoss.mean": {
            "value": 0.003647535796567105,
            "min": 0.003647535796567105,
            "max": 0.003647535796567105,
            "count": 1
        },
        "MarioKartRL.Losses.ValueLoss.sum": {
            "value": 0.003647535796567105,
            "min": 0.003647535796567105,
            "max": 0.003647535796567105,
            "count": 1
        },
        "MarioKartRL.Policy.LearningRate.mean": {
            "value": 0.00029938233020589,
            "min": 0.00029938233020589,
            "max": 0.00029938233020589,
            "count": 1
        },
        "MarioKartRL.Policy.LearningRate.sum": {
            "value": 0.00029938233020589,
            "min": 0.00029938233020589,
            "max": 0.00029938233020589,
            "count": 1
        },
        "MarioKartRL.Policy.Epsilon.mean": {
            "value": 0.19979411000000002,
            "min": 0.19979411000000002,
            "max": 0.19979411000000002,
            "count": 1
        },
        "MarioKartRL.Policy.Epsilon.sum": {
            "value": 0.19979411000000002,
            "min": 0.19979411000000002,
            "max": 0.19979411000000002,
            "count": 1
        },
        "MarioKartRL.Policy.Beta.mean": {
            "value": 0.004989726089000001,
            "min": 0.004989726089000001,
            "max": 0.004989726089000001,
            "count": 1
        },
        "MarioKartRL.Policy.Beta.sum": {
            "value": 0.004989726089000001,
            "min": 0.004989726089000001,
            "max": 0.004989726089000001,
            "count": 1
        }
    },
    "metadata": {
        "timer_format_version": "0.1.0",
        "start_time_seconds": "1719483719",
        "python_version": "3.10.8 (tags/v3.10.8:aaaf517, Oct 11 2022, 16:50:30) [MSC v.1933 64 bit (AMD64)]",
        "command_line_arguments": "C:\\Users\\joseb\\UnityProjects\\MarioKartRL\\venv\\Scripts\\mlagents-learn Assets/Configs/config4.1_test.yaml",
        "mlagents_version": "1.0.0",
        "mlagents_envs_version": "1.0.0",
        "communication_protocol_version": "1.5.0",
        "pytorch_version": "2.3.1+cu121",
        "numpy_version": "1.21.5",
        "end_time_seconds": "1719483874"
    },
    "total": 155.4795128000551,
    "count": 1,
    "self": 0.00521090003894642,
    "children": {
        "run_training.setup": {
            "total": 0.1049811000120826,
            "count": 1,
            "self": 0.1049811000120826
        },
        "TrainerController.start_learning": {
            "total": 155.36932080000406,
            "count": 1,
            "self": 0.1634017990436405,
            "children": {
                "TrainerController._reset_env": {
                    "total": 12.414906799967866,
                    "count": 1,
                    "self": 12.414906799967866
                },
                "TrainerController.advance": {
                    "total": 142.62327080097748,
                    "count": 9284,
                    "self": 0.07373009721050039,
                    "children": {
                        "env_step": {
                            "total": 142.54954070376698,
                            "count": 9284,
                            "self": 118.38868109881878,
                            "children": {
                                "SubprocessEnvManager._take_step": {
                                    "total": 24.071349703299347,
                                    "count": 9285,
                                    "self": 0.41665010165888816,
                                    "children": {
                                        "TorchPolicy.evaluate": {
                                            "total": 23.65469960164046,
                                            "count": 9285,
                                            "self": 23.65469960164046
                                        }
                                    }
                                },
                                "workers": {
                                    "total": 0.08950990164885297,
                                    "count": 9283,
                                    "self": 0.0,
                                    "children": {
                                        "worker_root": {
                                            "total": 125.594733498001,
                                            "count": 9283,
                                            "is_parallel": true,
                                            "self": 51.57451679429505,
                                            "children": {
                                                "steps_from_proto": {
                                                    "total": 0.007111000013537705,
                                                    "count": 2,